EmployeeNumber,MonthlyIncome,MonthlyRate,NumCompaniesWorked,Over18,OverTime,PercentSalaryHike,PerformanceRating,RelationshipSatisfaction,StandardHours,StockOptionLevel,TotalWorkingYears,TrainingTimesLastYear,WorkLifeBalance,YearsAtCompany,YearsInCurrentRole,YearsSinceLastPromotion,YearsWithCurrManager
1,5993,19479,8,Y,Yes,11,3,1,80,0,8,0,1,6.0,4,0,5
2,5130,24907,1,Y,No,23,4,4,80,1,10,3,3,10.0,7,1,7
3,2090,2396,6,Y,Yes,15,3,2,80,0,7,3,3,0.0,0,0,0
4,2909,23159,1,Y,Yes,11,3,3,80,0,8,3,3,8.0,7,3,0
5,3468,16632,9,Y,No,12,3,4,80,1,6,3,3,2.0,2,2,2
6,3068,11864,0,Y,No,13,3,3,80,0,8,2,2,7.0,7,3,6
7,2670,9964,4,Y,Yes,20,4,1,80,3,12,3,2,1.0,0,0,0
8,2693,13335,1,Y,No,22,4,2,80,1,1,2,3,1.0,0,0,0
9,9526,8787,0,Y,No,21,4,2,80,0,10,2,3,9.0,7,1,8
10,5237,16577,6,Y,No,13,3,2,80,2,17,3,2,7.0,7,7,7
11,2426,16479,0,Y,No,13,3,3,80,1,6,5,3,5.0,4,0,3
12,4193,12682,0,Y,Yes,12,3,4,80,0,10,3,3,9.0,5,0,8
13,2911,15170,1,Y,No,17,3,4,80,1,5,1,2,5.0,2,4,3
14,2661,8758,0,Y,No,11,3,3,80,1,3,2,3,2.0,2,1,2
15,2028,12947,5,Y,Yes,14,3,2,80,0,6,4,3,4.0,2,0,3
16,9980,10195,1,Y,No,11,3,3,80,1,10,1,3,10.0,9,8,8
17,3298,15053,0,Y,Yes,12,3,4,80,2,7,5,2,6.0,2,0,5
18,2935,7324,1,Y,Yes,13,3,2,80,2,1,2,2,1.0,0,0,0
19,15427,22021,2,Y,No,16,3,3,80,0,31,3,3,25.0,8,3,7
20,3944,4306,5,Y,Yes,11,3,3,80,0,6,3,3,3.0,2,1,2
21,4011,8232,0,Y,No,18,3,4,80,1,5,5,2,4.0,2,1,3
22,3407,6986,7,Y,No,23,4,2,80,0,10,4,3,5.0,3,0,3
23,11994,21293,0,Y,No,11,3,3,80,0,13,4,3,12.0,6,2,11
24,1232,19281,1,Y,No,14,3,4,80,0,0,6,3,0.0,0,0,0
25,2960,17102,2,Y,No,11,3,3,80,0,8,2,3,4.0,2,1,3
26,19094,10735,4,Y,No,11,3,4,80,1,26,3,2,14.0,13,4,8
27,3919,4681,1,Y,Yes,22,4,2,80,0,10,5,3,10.0,2,6,7
28,6825,21173,0,Y,No,11,3,4,80,1,10,2,3,9.0,7,4,2
29,10248,2094,3,Y,No,14,3,4,80,1,24,4,3,22.0,6,5,17
30,18947,22822,3,Y,No,12,3,4,80,0,22,2,2,,2,2,1
31,2496,6670,4,Y,No,11,3,4,80,0,7,3,3,,1,0,0
32,6465,19121,2,Y,Yes,13,3,4,80,0,9,5,4,,2,1,3
33,2206,16117,1,Y,No,13,3,1,80,0,10,5,3,10.0,0,1,8
34,2086,3335,3,Y,No,14,3,3,80,1,19,6,4,1.0,0,0,0
35,2293,3020,2,Y,Yes,16,3,1,80,1,6,2,2,2.0,0,2,0
36,2645,21923,1,Y,No,12,3,4,80,2,6,3,2,5.0,3,1,4
37,2683,3810,1,Y,Yes,14,3,3,80,0,3,2,3,3.0,2,0,2
38,2014,9687,1,Y,No,13,3,1,80,0,2,3,3,2.0,2,2,2
39,3419,13072,9,Y,Yes,14,3,4,80,1,6,3,4,1.0,1,0,0
40,5376,3193,2,Y,No,19,3,1,80,2,10,3,3,5.0,3,1,3
41,1951,10910,1,Y,No,12,3,3,80,1,1,3,3,1.0,0,0,0
42,2341,19715,1,Y,No,13,3,4,80,1,1,6,3,1.0,0,0,0
43,2293,10558,1,Y,No,12,3,3,80,0,1,2,2,1.0,0,0,1
44,8726,2975,1,Y,No,15,3,4,80,0,9,0,3,,8,1,7
45,4011,10781,1,Y,No,23,4,4,80,0,12,2,3,,8,3,7
46,19545,16280,1,Y,No,12,3,4,80,0,23,0,3,22.0,15,15,8
47,4568,10034,0,Y,No,20,4,3,80,0,10,2,3,9.0,5,8,7
48,3022,10227,4,Y,No,21,4,1,80,0,8,1,3,1.0,0,0,0
49,5772,20445,4,Y,Yes,21,4,3,80,0,14,4,3,9.0,6,0,8
50,2269,4892,1,Y,No,19,3,4,80,0,1,2,3,1.0,0,0,1
51,5381,19294,9,Y,Yes,13,3,4,80,0,23,2,3,1.0,0,0,0
52,3441,11179,1,Y,Yes,13,3,3,80,0,2,3,2,2.0,2,2,2
53,5454,4009,5,Y,Yes,21,4,3,80,1,9,2,2,4.0,3,1,3
54,9884,8302,2,Y,Yes,13,3,3,80,1,10,3,3,4.0,0,2,3
55,4157,21436,7,Y,Yes,19,3,3,80,1,5,2,2,2.0,2,0,0
56,13458,15146,1,Y,Yes,12,3,3,80,0,15,1,3,15.0,14,8,12
57,9069,11031,1,Y,No,22,4,4,80,1,9,3,2,9.0,8,1,8
58,4014,16002,3,Y,Yes,15,3,3,80,1,4,3,3,2.0,2,2,2
59,5915,9528,3,Y,No,22,4,4,80,1,10,3,2,7.0,7,1,7
60,5993,2689,1,Y,No,18,3,3,80,1,7,2,4,7.0,5,0,7
61,6162,10877,1,Y,Yes,22,4,2,80,1,9,3,3,9.0,8,7,8
62,2406,5456,1,Y,No,11,3,4,80,0,10,2,3,10.0,3,9,9
63,18740,16701,5,Y,Yes,12,3,4,80,1,29,2,2,27.0,3,13,8
64,7637,2354,7,Y,No,11,3,4,80,0,28,3,2,21.0,16,7,9
65,10096,8202,1,Y,No,13,3,2,80,3,17,2,3,17.0,14,12,8
66,14756,19730,2,Y,Yes,14,3,3,80,3,21,2,3,5.0,0,0,2
67,6499,22656,1,Y,No,13,3,3,80,0,6,3,3,6.0,5,0,3
68,9724,18787,2,Y,No,17,3,3,80,1,25,2,3,1.0,0,0,0
69,2194,5868,4,Y,No,13,3,4,80,1,5,2,2,3.0,2,1,2
70,3388,21777,0,Y,Yes,17,3,1,80,1,2,0,2,1.0,0,0,0
71,5473,24668,7,Y,No,11,3,4,80,0,20,2,2,4.0,3,1,3
72,2703,4956,0,Y,No,23,4,4,80,1,6,3,3,5.0,4,0,4
73,2501,18775,1,Y,No,17,3,2,80,0,1,4,3,1.0,1,1,0
74,6220,7346,1,Y,No,17,3,2,80,2,10,3,3,10.0,4,0,9
75,3038,22002,3,Y,No,12,3,2,80,0,5,3,3,1.0,0,0,0
76,4424,20682,1,Y,No,23,4,4,80,0,11,2,3,11.0,7,1,8
77,4312,23016,0,Y,No,14,3,2,80,0,16,2,3,15.0,13,2,8
78,13245,15067,4,Y,Yes,14,3,2,80,0,17,3,4,0.0,0,0,0
79,13664,25258,4,Y,No,13,3,1,80,0,16,3,4,5.0,2,0,2
80,5021,10425,8,Y,Yes,22,4,4,80,1,16,2,3,4.0,2,0,2
81,5126,15998,1,Y,Yes,12,3,3,80,2,10,1,2,10.0,8,3,0
82,2859,26278,1,Y,No,18,3,1,80,0,6,3,3,6.0,4,0,4
83,10239,18092,3,Y,No,14,3,4,80,1,24,4,3,1.0,0,1,0
84,5329,15717,7,Y,Yes,12,3,4,80,3,17,3,3,13.0,11,1,9
85,4325,17736,1,Y,No,15,3,3,80,0,5,2,3,5.0,2,1,3
86,7260,21698,4,Y,No,11,3,1,80,0,37,3,2,6.0,4,0,2
87,2322,9518,3,Y,No,13,3,3,80,1,3,3,3,0.0,0,0,0
88,2075,18725,3,Y,No,23,4,2,80,2,10,4,3,4.0,2,0,3
89,4152,15830,1,Y,No,19,3,1,80,3,11,3,3,11.0,10,10,8
90,9619,13596,1,Y,No,16,3,4,80,0,9,3,3,9.0,8,4,7
91,13503,14115,1,Y,No,22,4,4,80,1,22,3,2,22.0,3,11,11
92,5441,8423,0,Y,Yes,22,4,4,80,0,11,2,1,10.0,7,1,0
93,5209,19760,1,Y,Yes,12,3,2,80,3,11,4,2,11.0,8,2,7
94,10673,3142,2,Y,Yes,13,3,3,80,1,21,5,2,10.0,9,9,5
95,5010,24301,1,Y,No,16,3,1,80,0,12,0,3,11.0,8,5,7
96,13549,24001,9,Y,No,12,3,1,80,1,16,5,1,4.0,3,0,3
97,4999,17519,0,Y,No,21,4,1,80,1,4,2,2,3.0,2,0,2
98,4221,8863,1,Y,No,15,3,2,80,0,5,3,4,5.0,4,0,4
99,13872,24409,0,Y,No,13,3,3,80,0,38,1,2,37.0,10,1,8
100,2042,25043,4,Y,No,12,3,3,80,1,17,3,4,3.0,2,1,2
101,2073,23648,4,Y,Yes,22,4,4,80,0,7,3,3,3.0,2,0,2
102,2956,15178,1,Y,No,13,3,4,80,0,1,2,3,1.0,0,0,0
103,2926,19783,1,Y,Yes,18,3,2,80,0,1,5,3,1.0,0,1,0
104,4809,12482,1,Y,No,14,3,3,80,0,16,3,3,16.0,13,2,10
105,5163,15850,5,Y,No,14,3,4,80,1,17,2,4,1.0,0,0,0
106,18844,21922,9,Y,No,21,4,4,80,1,30,3,3,3.0,2,2,2
107,18172,9755,3,Y,Yes,19,3,1,80,0,28,1,2,8.0,3,0,7
108,5744,26959,1,Y,Yes,11,3,4,80,0,6,1,3,6.0,4,0,3
109,2889,26897,1,Y,No,11,3,3,80,2,2,2,3,2.0,2,2,1
110,2871,23785,1,Y,No,15,3,3,80,0,1,5,3,0.0,0,0,0
111,7484,25796,3,Y,No,20,4,3,80,0,23,1,2,13.0,12,12,8
112,6074,22887,1,Y,Yes,24,4,4,80,0,9,3,3,9.0,7,0,6
113,17328,13871,2,Y,Yes,12,3,3,80,0,23,3,3,5.0,3,4,4
114,2774,13257,0,Y,No,12,3,3,80,1,6,2,3,5.0,3,1,2
115,4505,15000,6,Y,No,15,3,3,80,1,12,3,3,1.0,0,0,0
116,7428,14506,2,Y,No,12,3,1,80,0,12,3,3,5.0,3,1,3
117,11631,5615,2,Y,No,12,3,4,80,0,14,6,3,11.0,10,5,8
118,9738,22952,0,Y,No,14,3,3,80,1,10,6,3,9.0,7,2,8
119,2835,2561,5,Y,No,22,4,1,80,1,7,2,3,1.0,0,0,0
120,16959,19494,1,Y,Yes,12,3,4,80,2,25,3,4,25.0,12,4,12
121,2613,22310,1,Y,No,25,4,3,80,3,10,2,2,10.0,7,0,9
122,6146,15480,0,Y,No,13,3,1,80,1,8,2,4,7.0,7,0,7
123,4963,4510,9,Y,Yes,18,3,1,80,3,7,2,3,5.0,4,4,3
124,19537,6462,7,Y,No,13,3,3,80,0,23,5,3,,18,15,15
125,6172,20739,4,Y,Yes,18,3,2,80,0,12,3,2,7.0,7,7,7
126,2368,23300,1,Y,No,19,3,3,80,0,5,3,2,5.0,4,4,3
127,10312,3465,1,Y,No,12,3,4,80,1,40,3,2,40.0,10,15,6
128,1675,26820,1,Y,Yes,19,3,4,80,0,0,2,2,0.0,0,0,0
129,2523,19299,0,Y,No,14,3,3,80,1,3,2,3,2.0,1,2,1
130,6567,5549,1,Y,No,14,3,3,80,0,16,2,2,15.0,11,5,11
131,4739,16090,4,Y,No,12,3,4,80,0,18,2,3,3.0,2,1,2
132,9208,6645,4,Y,No,11,3,4,80,0,16,3,3,2.0,2,2,1
133,4559,24788,3,Y,Yes,11,3,3,80,1,4,2,3,2.0,2,2,2
134,8189,21196,3,Y,Yes,13,3,3,80,1,12,2,3,9.0,7,0,7
135,2942,8916,1,Y,No,23,4,4,80,1,8,3,3,8.0,7,5,7
136,4941,2819,6,Y,No,20,4,4,80,2,7,0,3,,2,0,1
137,10650,25150,2,Y,No,15,3,4,80,0,18,2,3,4.0,2,0,3
138,5902,14590,4,Y,No,14,3,3,80,1,17,1,4,15.0,11,5,9
139,8639,24835,2,Y,No,18,3,4,80,0,6,3,3,2.0,2,2,2
140,6347,13982,0,Y,Yes,19,3,4,80,0,12,2,1,11.0,9,4,7
141,4200,10224,7,Y,No,22,4,1,80,0,10,2,4,5.0,4,0,4
142,3452,9752,5,Y,No,13,3,2,80,0,9,2,2,6.0,5,0,3
143,4317,2302,3,Y,Yes,20,4,2,80,0,19,2,3,3.0,2,2,2
144,2632,23910,1,Y,No,14,3,3,80,0,5,4,2,5.0,4,0,4
145,4668,22812,0,Y,No,17,3,4,80,3,9,2,4,8.0,7,0,7
146,3204,10415,5,Y,No,14,3,4,80,1,8,3,3,3.0,2,2,2
147,2720,11162,0,Y,No,13,3,4,80,0,6,3,3,5.0,3,1,2
148,17181,12888,4,Y,No,13,3,2,80,1,21,2,2,7.0,6,7,7
149,2238,6961,2,Y,No,21,4,4,80,1,7,2,3,5.0,0,1,4
150,1483,16102,1,Y,No,14,3,4,80,0,1,3,3,1.0,0,0,0
151,5605,8504,1,Y,No,11,3,1,80,1,20,2,3,20.0,7,2,13
152,7295,11439,1,Y,No,13,3,1,80,2,10,3,3,10.0,8,0,6
153,2306,16047,2,Y,Yes,20,4,4,80,1,13,3,1,7.0,7,4,5
154,2348,10901,8,Y,No,18,3,3,80,1,20,2,1,17.0,9,0,15
155,8998,15589,1,Y,No,14,3,4,80,0,9,2,3,9.0,8,3,7
156,4319,26283,1,Y,No,13,3,1,80,1,10,1,3,10.0,7,0,9
157,6132,13983,2,Y,No,17,3,3,80,0,10,2,3,1.0,0,0,0
158,3346,11873,4,Y,Yes,20,4,2,80,1,9,3,2,1.0,0,0,0
159,10855,8552,7,Y,No,11,3,1,80,1,15,2,2,12.0,11,2,11
160,2231,11314,6,Y,No,18,3,4,80,1,6,3,3,4.0,3,1,2
161,2323,11992,1,Y,No,24,4,1,80,2,2,6,3,2.0,2,2,2
162,2024,5970,6,Y,No,18,3,4,80,1,6,1,1,2.0,2,2,2
163,2713,6672,1,Y,No,11,3,3,80,1,5,2,1,5.0,2,0,2
164,9439,23402,3,Y,Yes,16,3,2,80,1,12,2,1,5.0,3,1,4
165,2566,25326,1,Y,Yes,15,3,4,80,1,1,2,2,1.0,1,0,1
166,19926,17053,3,Y,No,15,3,2,80,0,21,5,3,5.0,4,4,4
167,2451,4609,4,Y,No,12,3,1,80,1,13,2,3,9.0,8,1,8
168,9419,8053,2,Y,No,12,3,3,80,1,12,2,3,10.0,9,7,4
169,8686,12930,4,Y,No,22,4,3,80,0,12,2,4,8.0,3,0,7
170,3038,12430,3,Y,No,20,4,1,80,0,8,2,3,5.0,4,1,4
171,3058,13364,0,Y,Yes,16,3,4,80,1,6,3,2,5.0,2,1,1
172,2325,20989,0,Y,No,21,4,1,80,0,1,5,4,0.0,0,0,0
173,2088,15062,4,Y,No,12,3,3,80,0,13,3,2,8.0,7,7,2
174,3072,11012,1,Y,No,11,3,3,80,2,12,4,3,12.0,9,6,10
175,5006,6319,4,Y,Yes,11,3,1,80,1,9,3,4,5.0,4,0,3
176,4257,13939,4,Y,Yes,18,3,3,80,1,19,3,3,2.0,2,2,2
177,2500,10515,0,Y,No,14,3,1,80,0,4,2,4,3.0,1,0,2
178,1102,9241,1,Y,No,22,4,3,80,0,1,3,2,1.0,0,1,0
179,10453,2137,1,Y,No,25,4,3,80,3,24,2,3,24.0,13,15,7
180,2288,6319,1,Y,No,12,3,3,80,0,2,3,3,2.0,2,2,1
181,3929,6984,8,Y,Yes,23,4,3,80,1,7,0,3,4.0,2,0,2
182,2311,5711,2,Y,No,15,3,4,80,0,9,3,3,3.0,2,1,2
183,3140,21728,1,Y,Yes,22,4,4,80,0,4,5,2,4.0,3,0,2
184,3690,3425,2,Y,No,15,3,4,80,1,5,2,2,3.0,2,0,2
185,4450,26250,1,Y,No,11,3,3,80,2,5,3,3,4.0,2,1,3
186,2756,4673,1,Y,No,13,3,4,80,1,8,5,3,8.0,7,1,6
187,19033,6499,1,Y,No,14,3,2,80,1,21,2,3,20.0,8,9,9
188,18722,13339,8,Y,No,11,3,4,80,0,36,3,3,24.0,15,2,15
189,9547,14074,1,Y,No,17,3,3,80,0,10,2,2,10.0,9,1,9
190,13734,7192,3,Y,No,18,3,3,80,0,21,6,3,7.0,7,1,0
191,19999,5678,0,Y,No,14,3,1,80,1,34,5,3,33.0,18,11,9
192,2279,11781,1,Y,No,16,3,4,80,0,7,2,2,7.0,7,0,3
193,5916,15497,3,Y,Yes,13,3,1,80,0,8,1,3,1.0,0,0,1
194,2089,5228,4,Y,No,14,3,4,80,3,7,3,4,5.0,4,2,2
195,16792,20462,9,Y,No,23,4,4,80,1,22,1,3,20.0,8,11,8
196,3564,22977,1,Y,Yes,12,3,1,80,1,8,3,2,8.0,7,1,7
197,4425,15986,5,Y,No,11,3,4,80,0,10,5,3,6.0,2,1,2
198,5265,16439,2,Y,No,16,3,2,80,1,11,5,3,5.0,3,0,2
199,6553,7259,9,Y,No,14,3,2,80,0,14,3,3,1.0,0,0,0
200,6261,4185,3,Y,No,18,3,1,80,1,9,3,1,7.0,7,1,7
201,4298,9679,5,Y,No,19,3,3,80,1,6,1,3,2.0,2,2,0
202,6804,23793,1,Y,Yes,15,3,1,80,2,7,0,3,7.0,7,1,7
203,3815,5972,1,Y,Yes,17,3,4,80,1,5,4,4,5.0,3,2,0
204,2741,16523,8,Y,Yes,15,3,3,80,1,15,2,4,7.0,2,3,7
205,6673,11354,7,Y,Yes,19,3,2,80,0,17,2,3,1.0,0,0,0
206,7639,24525,1,Y,No,22,4,4,80,3,10,3,2,10.0,4,1,9
207,2328,12392,1,Y,Yes,16,3,1,80,1,4,2,2,4.0,2,2,2
208,2153,7703,1,Y,No,13,3,1,80,0,8,2,3,8.0,1,1,7
209,4876,14242,9,Y,No,14,3,4,80,1,5,5,1,3.0,2,0,2
210,9396,12368,7,Y,No,16,3,3,80,1,17,3,3,4.0,2,0,3
211,10400,25812,1,Y,No,11,3,3,80,0,14,2,2,14.0,8,9,8
212,8474,20925,1,Y,No,22,4,3,80,0,12,2,3,11.0,8,5,8
213,9981,12916,1,Y,No,14,3,4,80,0,7,2,3,7.0,7,0,7
214,12490,15736,5,Y,No,16,3,4,80,2,16,5,1,10.0,9,4,7
215,2657,8556,5,Y,Yes,11,3,3,80,0,8,5,3,5.0,2,0,4
216,13591,14674,3,Y,Yes,18,3,3,80,0,16,3,3,1.0,0,0,0
217,6696,22967,5,Y,No,15,3,3,80,0,9,5,2,6.0,3,0,1
218,2058,19757,0,Y,No,14,3,4,80,0,7,1,2,6.0,2,1,5
219,8865,16840,6,Y,No,12,3,4,80,0,23,2,3,19.0,7,12,8
220,5940,17011,2,Y,No,14,3,4,80,1,16,4,3,6.0,2,0,5
221,5914,9945,8,Y,No,16,3,4,80,0,16,3,4,13.0,11,3,7
222,2622,13248,6,Y,No,21,4,4,80,0,7,3,3,3.0,2,1,1
223,12185,10056,1,Y,Yes,14,3,3,80,3,10,1,3,10.0,8,0,7
224,10609,9647,0,Y,No,12,3,3,80,2,17,6,2,16.0,10,5,13
225,4345,4381,0,Y,No,12,3,4,80,1,6,2,3,5.0,4,1,4
226,2177,8456,3,Y,No,17,3,1,80,1,7,6,3,1.0,0,0,0
227,2793,2539,4,Y,No,17,3,3,80,1,13,2,3,9.0,8,5,8
228,7918,6599,1,Y,No,14,3,4,80,1,11,5,3,11.0,10,4,1
229,8789,9096,1,Y,No,14,3,1,80,0,10,3,4,10.0,7,0,8
230,2389,14961,1,Y,Yes,13,3,3,80,0,4,3,2,,3,0,1
231,3212,3300,7,Y,No,15,3,2,80,0,6,3,2,2.0,2,2,2
232,19232,4933,1,Y,No,11,3,4,80,0,22,3,3,22.0,17,11,15
233,2267,25657,8,Y,No,17,3,4,80,0,7,2,2,2.0,2,2,2
234,19517,24118,3,Y,No,11,3,3,80,1,32,3,2,7.0,0,0,6
235,2436,22149,5,Y,Yes,13,3,3,80,1,8,2,1,5.0,4,0,4
236,16064,7744,5,Y,Yes,22,4,3,80,1,22,3,3,17.0,13,1,9
237,2707,21509,7,Y,No,20,4,1,80,0,13,3,4,9.0,7,1,7
238,19068,21030,1,Y,Yes,18,3,4,80,0,33,2,4,33.0,7,15,12
239,3931,20990,2,Y,No,11,3,1,80,1,6,5,3,4.0,3,1,2
240,3730,9571,0,Y,Yes,14,3,4,80,0,4,2,1,3.0,2,1,2
241,2232,15417,7,Y,No,14,3,3,80,3,7,1,3,3.0,2,1,2
242,4465,12069,0,Y,No,18,3,1,80,0,4,2,3,3.0,2,2,2
243,3072,19877,2,Y,No,16,3,1,80,2,17,2,2,1.0,0,0,0
244,3319,24447,1,Y,No,17,3,1,80,2,9,3,3,9.0,8,4,7
245,19202,15970,0,Y,No,11,3,3,80,1,25,2,3,24.0,0,1,7
246,13675,13523,9,Y,No,12,3,1,80,1,9,3,3,2.0,2,2,2
247,2911,14776,1,Y,No,13,3,3,80,1,2,2,2,2.0,2,0,2
248,5957,23687,6,Y,No,13,3,2,80,1,13,3,3,11.0,9,5,9
249,3920,18697,2,Y,No,14,3,1,80,1,17,2,2,3.0,1,0,2
250,6434,5118,4,Y,No,17,3,4,80,1,9,1,3,3.0,2,0,2
251,10048,22573,6,Y,No,11,3,2,80,2,17,5,3,1.0,0,0,0
252,10938,6420,0,Y,No,25,4,4,80,0,20,1,3,19.0,6,11,8
253,2340,22673,1,Y,No,19,3,1,80,0,6,1,3,6.0,5,1,5
254,6545,23016,3,Y,Yes,13,3,3,80,0,10,1,3,3.0,2,0,2
255,6931,10732,2,Y,No,14,3,4,80,1,10,2,3,3.0,2,0,2
256,4898,7505,0,Y,No,12,3,4,80,2,5,3,3,4.0,2,1,2
257,2593,8007,0,Y,Yes,11,3,3,80,1,10,4,3,9.0,6,7,8
258,19436,5949,0,Y,No,19,3,4,80,1,22,5,3,21.0,7,3,9
259,2723,23231,1,Y,No,11,3,2,80,0,1,0,2,1.0,0,0,0
260,3479,11652,0,Y,No,11,3,2,80,0,6,2,4,5.0,4,1,4
261,2794,26062,1,Y,No,20,4,3,80,0,5,3,1,,1,0,3
262,5249,19682,3,Y,No,18,3,4,80,1,13,0,3,8.0,7,7,5
263,2176,19737,4,Y,No,13,3,4,80,0,9,5,3,6.0,2,0,4
264,16872,14977,3,Y,Yes,12,3,2,80,1,28,2,2,7.0,7,7,7
265,3485,14935,2,Y,No,11,3,3,80,0,5,5,1,0.0,0,0,0
266,6644,3687,2,Y,No,19,3,2,80,2,10,2,3,0.0,0,0,0
267,5582,14408,0,Y,No,21,4,2,80,1,10,2,3,9.0,0,7,8
268,4000,18384,1,Y,No,12,3,4,80,2,6,2,3,6.0,3,1,5
269,13496,7501,0,Y,Yes,14,3,2,80,0,21,2,3,20.0,7,4,10
270,3210,20251,0,Y,No,11,3,3,80,1,16,4,3,15.0,13,10,11
271,19045,18938,0,Y,Yes,14,3,3,80,0,37,2,3,36.0,10,4,13
272,11849,10268,1,Y,Yes,12,3,4,80,1,10,2,2,10.0,7,9,9
273,2070,2613,1,Y,No,23,4,4,80,1,5,3,2,5.0,2,0,4
274,6502,22825,4,Y,No,14,3,2,80,1,7,5,4,5.0,4,0,1
275,3230,10531,1,Y,No,17,3,1,80,0,3,4,4,3.0,2,1,0
276,13603,11677,2,Y,Yes,18,3,1,80,2,15,2,3,5.0,2,0,2
277,11996,19100,7,Y,No,18,3,2,80,1,10,6,2,7.0,7,6,2
278,5605,19191,1,Y,Yes,24,4,3,80,1,8,3,3,8.0,0,7,7
279,6397,26767,1,Y,No,20,4,1,80,1,6,6,1,6.0,5,1,4
280,19144,15815,3,Y,No,14,3,1,80,2,28,4,2,10.0,4,1,6
281,17584,21016,3,Y,Yes,16,3,4,80,3,21,5,2,5.0,3,1,3
282,4907,24532,1,Y,No,25,4,3,80,0,20,3,3,20.0,16,11,6
283,4554,20260,1,Y,No,18,3,1,80,0,10,3,2,10.0,7,0,9
284,5415,15972,3,Y,Yes,19,3,4,80,1,12,4,3,10.0,7,0,8
285,4741,22722,1,Y,Yes,13,3,3,80,1,5,3,3,5.0,3,3,3
286,2115,15881,1,Y,No,12,3,2,80,0,17,3,3,17.0,12,5,7
287,3161,19920,3,Y,Yes,22,4,4,80,1,19,0,1,1.0,0,0,0
288,5745,18899,9,Y,No,14,3,2,80,1,10,2,3,2.0,2,1,2
289,2373,14180,2,Y,Yes,13,3,4,80,1,5,2,3,3.0,2,0,2
290,3310,4488,1,Y,No,21,4,4,80,0,5,3,3,5.0,3,0,2
291,18665,25594,9,Y,Yes,11,3,4,80,0,22,4,3,3.0,2,1,2
292,4485,26285,4,Y,No,12,3,4,80,0,10,2,3,8.0,0,7,7
293,2789,3909,1,Y,No,11,3,3,80,1,2,5,2,2.0,2,2,2
294,5828,8450,1,Y,Yes,12,3,2,80,0,8,0,3,8.0,7,7,4
295,2326,11411,1,Y,Yes,12,3,3,80,3,4,3,2,4.0,2,1,2
296,13525,14864,5,Y,No,14,3,4,80,1,23,2,4,20.0,4,4,8
297,1420,25233,1,Y,No,13,3,3,80,0,0,2,3,0.0,0,0,0
298,8020,5100,0,Y,No,15,3,3,80,2,12,3,2,11.0,9,6,9
299,3688,7122,4,Y,No,18,3,4,80,2,4,2,3,,0,0,0
300,5482,16321,5,Y,No,18,3,4,80,1,13,3,3,4.0,1,1,2
301,16015,15896,1,Y,No,19,3,2,80,0,22,2,3,22.0,10,0,4
302,1200,9724,1,Y,No,12,3,1,80,0,0,2,3,0.0,0,0,0
303,5661,4824,0,Y,No,19,3,3,80,0,9,2,3,8.0,3,0,7
304,6929,12241,4,Y,No,11,3,2,80,1,10,3,2,8.0,7,7,7
305,9613,10942,0,Y,No,17,3,1,80,3,19,5,2,18.0,10,3,7
306,5674,6927,7,Y,No,15,3,3,80,1,11,3,3,9.0,8,0,8
307,5484,16985,1,Y,No,14,3,3,80,1,13,3,2,13.0,8,4,8
308,12061,26707,3,Y,No,17,3,3,80,1,19,2,3,10.0,8,0,1
309,5660,17056,2,Y,Yes,13,3,4,80,1,12,2,3,5.0,3,1,2
310,4821,10077,0,Y,Yes,12,3,3,80,1,6,4,3,5.0,2,0,3
311,6410,17822,3,Y,No,12,3,4,80,0,9,1,3,2.0,2,1,0
312,5210,20308,1,Y,No,18,3,1,80,1,24,2,3,24.0,9,9,11
313,2695,7747,0,Y,Yes,18,3,2,80,1,3,2,1,2.0,2,2,2
314,11878,23364,6,Y,No,11,3,2,80,2,12,2,3,10.0,6,8,8
315,17068,5355,1,Y,Yes,14,3,4,80,0,21,3,3,21.0,9,11,10
316,2455,10675,0,Y,No,19,3,1,80,0,9,5,3,8.0,7,1,7
317,13964,17810,7,Y,Yes,12,3,4,80,0,25,2,3,7.0,1,0,7
318,4941,17747,2,Y,No,15,3,1,80,0,11,3,2,8.0,2,7,7
319,2478,20938,1,Y,Yes,12,3,2,80,0,4,2,2,4.0,3,1,2
320,5228,24624,1,Y,Yes,11,3,4,80,0,13,2,3,13.0,12,11,9
321,4478,5242,1,Y,Yes,11,3,1,80,0,5,3,3,5.0,4,0,4
322,7547,7143,4,Y,No,12,3,4,80,3,13,3,3,,7,1,7
323,5055,10557,7,Y,No,16,3,3,80,0,10,0,2,7.0,7,0,7
324,3464,24737,5,Y,Yes,13,3,4,80,0,5,4,2,3.0,2,2,2
325,5775,11934,1,Y,No,13,3,4,80,2,11,2,3,,8,1,9
326,8943,14034,1,Y,No,24,4,1,80,1,10,2,3,10.0,9,8,9
327,19272,21141,1,Y,No,15,3,1,80,1,21,2,3,21.0,9,13,3
328,5238,17778,4,Y,Yes,18,3,1,80,0,12,3,2,1.0,0,0,0
329,4682,4317,3,Y,No,14,3,3,80,0,9,6,2,7.0,7,0,1
330,18300,16375,4,Y,No,11,3,2,80,1,21,2,3,3.0,2,1,1
331,5257,6227,1,Y,No,11,3,2,80,1,9,3,4,9.0,7,0,0
332,6349,22107,0,Y,Yes,13,3,4,80,1,6,0,3,5.0,4,1,4
333,4869,16885,3,Y,No,12,3,4,80,0,20,4,2,4.0,3,0,3
334,9985,9262,8,Y,No,16,3,1,80,1,10,1,2,1.0,0,0,0
335,3697,9278,9,Y,No,14,3,1,80,2,12,3,3,10.0,9,9,8
336,7457,13273,2,Y,Yes,22,4,3,80,3,6,2,2,4.0,3,0,2
337,2119,4759,1,Y,Yes,11,3,4,80,0,7,4,2,7.0,7,0,7
338,3983,7621,0,Y,No,17,3,3,80,0,4,2,3,3.0,2,2,2
339,6118,5431,1,Y,No,13,3,3,80,3,10,2,3,10.0,9,1,2
340,6214,3415,1,Y,No,18,3,1,80,1,8,3,3,8.0,7,0,7
341,6347,23177,7,Y,No,16,3,3,80,2,8,2,2,6.0,2,0,4
342,11510,15682,0,Y,Yes,14,3,2,80,1,12,3,3,11.0,10,2,9
343,7143,25713,1,Y,Yes,14,3,3,80,0,11,2,2,11.0,9,4,10
344,8268,11866,1,Y,Yes,14,3,1,80,2,7,2,3,7.0,7,1,7
345,8095,18264,0,Y,No,13,3,4,80,0,17,5,3,16.0,6,0,13
346,2904,16092,1,Y,No,12,3,3,80,2,4,2,2,4.0,2,0,2
347,6032,10110,6,Y,Yes,15,3,4,80,0,8,3,3,5.0,4,1,2
348,2976,25751,3,Y,No,19,3,1,80,0,5,3,3,0.0,0,0,0
349,15992,15901,2,Y,No,14,3,2,80,0,16,2,3,1.0,0,0,0
350,4649,16928,1,Y,No,14,3,1,80,1,4,3,2,4.0,3,0,2
351,2696,24017,0,Y,Yes,11,3,3,80,1,4,5,3,3.0,2,1,0
352,2370,3956,1,Y,No,13,3,3,80,1,8,4,3,8.0,0,0,7
353,12504,23978,3,Y,No,21,4,2,80,1,15,3,1,0.0,0,0,0
354,5974,17001,4,Y,Yes,13,3,1,80,2,13,2,3,7.0,7,6,7
355,4736,6069,7,Y,Yes,12,3,2,80,1,4,2,4,2.0,2,2,2
356,5296,20156,1,Y,No,17,3,2,80,1,8,3,3,8.0,7,7,7
357,6781,17078,3,Y,No,23,4,2,80,0,14,6,3,1.0,0,0,0
358,2174,9150,1,Y,Yes,11,3,3,80,0,3,3,3,3.0,2,1,2
359,6653,15276,4,Y,No,15,3,2,80,0,7,6,3,1.0,0,0,0
360,9699,7246,4,Y,No,11,3,1,80,1,16,2,3,13.0,9,1,12
361,6755,2967,2,Y,No,11,3,3,80,0,15,2,3,3.0,2,1,2
362,2213,22495,3,Y,Yes,13,3,3,80,1,10,3,3,7.0,7,1,7
363,2610,2851,1,Y,No,24,4,3,80,0,3,3,2,3.0,2,2,2
364,2851,9150,1,Y,Yes,13,3,2,80,0,1,2,3,1.0,0,0,0
365,3452,17663,6,Y,No,20,4,2,80,1,17,3,3,5.0,4,0,3
366,5258,16044,2,Y,No,14,3,3,80,0,7,2,4,1.0,0,0,0
367,9355,9558,1,Y,No,18,3,3,80,0,8,5,3,8.0,7,7,7
368,10496,2755,6,Y,No,15,3,4,80,0,20,2,3,4.0,3,1,3
369,6380,6110,2,Y,Yes,12,3,1,80,2,8,6,3,6.0,4,1,0
370,2657,7551,0,Y,Yes,16,3,4,80,0,3,5,3,2.0,2,2,2
371,2716,25422,1,Y,No,15,3,4,80,0,1,0,3,1.0,0,0,0
372,2201,18168,9,Y,No,16,3,4,80,0,6,4,3,3.0,2,1,2
373,6540,19394,9,Y,No,19,3,3,80,0,10,5,3,1.0,1,0,0
374,3816,17881,1,Y,No,11,3,2,80,1,5,2,3,5.0,2,0,4
375,5253,20750,1,Y,No,16,3,4,80,0,7,1,3,7.0,5,0,7
376,10965,12066,8,Y,No,24,4,3,80,0,26,2,3,5.0,2,0,0
377,4936,14862,4,Y,No,11,3,3,80,1,18,2,2,7.0,7,0,7
378,2543,11868,4,Y,No,13,3,2,80,1,6,3,3,2.0,2,2,2
379,5304,4652,8,Y,Yes,13,3,2,80,0,9,3,2,5.0,2,0,4
380,16659,23258,2,Y,Yes,13,3,3,80,0,30,2,3,5.0,4,1,2
381,4260,5915,1,Y,Yes,12,3,4,80,1,5,2,4,,2,0,3
382,2476,17434,1,Y,No,18,3,1,80,1,1,3,3,1.0,0,0,0
383,3102,6582,0,Y,No,22,4,3,80,0,7,2,3,6.0,4,0,4
384,2244,24440,1,Y,No,13,3,4,80,1,2,1,3,2.0,1,1,2
385,7596,3809,1,Y,No,13,3,2,80,2,10,2,3,10.0,9,9,0
386,2285,3427,9,Y,Yes,23,4,3,80,0,3,4,3,1.0,0,0,0
387,3034,26914,1,Y,No,12,3,3,80,1,18,2,2,18.0,7,12,17
388,5715,22553,7,Y,No,12,3,3,80,2,8,5,3,5.0,4,1,3
389,2576,20490,3,Y,No,16,3,2,80,1,8,5,3,5.0,2,1,2
390,4197,21123,2,Y,Yes,12,3,4,80,0,18,2,2,1.0,0,0,1
391,14336,4345,1,Y,No,11,3,3,80,1,25,3,3,,10,3,9
392,3448,13436,6,Y,No,22,4,2,80,1,20,3,3,1.0,0,0,0
393,19406,8509,4,Y,No,11,3,3,80,1,24,4,2,4.0,2,1,2
394,6538,12740,9,Y,No,15,3,1,80,1,6,3,3,,2,1,2
395,4306,4156,1,Y,No,12,3,2,80,1,13,5,1,13.0,10,3,12
396,2258,15238,7,Y,No,20,4,1,80,1,8,1,3,3.0,2,1,2
397,4522,2227,4,Y,Yes,14,3,4,80,0,8,3,3,5.0,2,0,2
398,4487,12090,1,Y,Yes,11,3,2,80,0,5,3,3,5.0,4,1,3
399,4449,23866,3,Y,Yes,15,3,1,80,2,15,2,3,13.0,11,10,7
400,2218,16193,1,Y,No,12,3,3,80,1,4,3,3,4.0,2,3,2
401,19197,8213,1,Y,Yes,14,3,3,80,1,21,3,3,21.0,8,1,6
402,13212,18256,9,Y,No,11,3,4,80,3,36,0,2,7.0,7,7,7
403,6577,19558,0,Y,No,11,3,2,80,0,6,6,3,5.0,4,4,4
404,8392,19566,1,Y,No,16,3,3,80,1,10,2,3,10.0,7,0,7
405,4558,13535,1,Y,No,12,3,4,80,1,10,2,3,10.0,0,1,8
406,4031,9396,5,Y,No,13,3,3,80,1,6,5,3,2.0,2,0,2
407,7969,19609,2,Y,Yes,14,3,3,80,0,28,4,3,5.0,4,0,4
408,2654,9655,3,Y,No,21,4,4,80,2,8,3,2,2.0,2,0,2
409,16555,10310,2,Y,No,13,3,4,80,0,31,2,1,5.0,2,1,4
410,4556,12932,2,Y,No,11,3,2,80,1,19,3,3,5.0,4,0,2
411,6091,24793,2,Y,No,20,4,3,80,0,11,2,3,5.0,4,0,2
412,19566,3854,5,Y,No,11,3,4,80,0,33,5,1,29.0,8,11,10
413,4810,26314,2,Y,No,14,3,3,80,1,19,5,2,10.0,7,0,8
414,4523,4386,0,Y,No,11,3,4,80,3,7,4,4,6.0,5,0,4
415,3202,21972,1,Y,Yes,16,3,2,80,0,6,4,3,5.0,3,1,4
416,2351,12253,0,Y,No,16,3,4,80,1,3,3,2,2.0,2,1,0
417,1702,12106,1,Y,Yes,23,4,3,80,1,1,3,3,1.0,0,0,0
418,18041,13022,0,Y,No,14,3,4,80,0,21,2,3,20.0,15,1,12
419,2886,3032,1,Y,No,22,4,2,80,2,3,3,1,3.0,2,0,2
420,2097,16734,4,Y,No,15,3,3,80,1,9,3,1,5.0,3,1,4
421,11935,21526,1,Y,No,18,3,3,80,0,10,2,3,10.0,2,0,7
422,2546,18300,5,Y,No,16,3,2,80,0,6,2,4,2.0,2,1,1
423,2564,18437,1,Y,No,12,3,3,80,0,1,3,4,1.0,0,0,0
424,8412,2890,0,Y,No,11,3,3,80,0,10,3,3,9.0,8,7,8
425,14118,22102,3,Y,No,12,3,3,80,1,32,3,2,1.0,0,0,0
426,17046,9314,0,Y,No,15,3,2,80,1,28,2,3,27.0,10,15,7
427,2564,7181,0,Y,No,14,3,3,80,0,12,2,2,11.0,7,6,7
428,10266,2845,4,Y,No,19,3,4,80,0,22,5,4,,13,13,11
429,5070,7389,5,Y,No,13,3,3,80,3,20,2,3,5.0,0,0,4
430,17861,2288,6,Y,No,13,3,3,80,0,26,2,1,3.0,2,0,1
431,4230,19225,0,Y,No,15,3,3,80,0,6,2,3,5.0,4,4,3
432,3780,23428,7,Y,No,11,3,3,80,0,19,3,3,1.0,0,0,0
433,2768,8416,3,Y,No,12,3,3,80,1,14,3,3,7.0,3,5,7
434,9071,11563,2,Y,Yes,19,3,3,80,1,15,3,3,3.0,2,1,2
435,10648,14394,1,Y,No,25,4,4,80,1,13,6,4,13.0,8,0,8
436,13610,24619,7,Y,Yes,12,3,4,80,0,15,2,4,7.0,6,7,7
437,3408,6705,7,Y,No,13,3,1,80,3,8,2,3,4.0,3,1,3
438,2983,18398,0,Y,No,14,3,1,80,0,4,3,3,3.0,2,1,2
439,7632,14295,4,Y,Yes,12,3,3,80,0,10,2,3,8.0,7,0,0
440,9824,22908,3,Y,No,12,3,1,80,0,12,2,3,1.0,0,0,0
441,9950,11533,9,Y,Yes,15,3,3,80,3,11,2,3,3.0,2,0,2
442,2093,9260,4,Y,No,17,3,4,80,1,8,4,3,2.0,2,2,0
443,9980,15318,1,Y,No,14,3,4,80,0,10,3,2,10.0,3,9,7
444,3894,9129,5,Y,No,16,3,3,80,0,4,3,3,2.0,2,1,2
445,4051,19658,2,Y,No,14,3,1,80,1,14,2,3,9.0,7,6,7
446,16835,9873,3,Y,No,23,4,4,80,0,37,2,3,10.0,9,7,7
447,6230,13430,7,Y,No,14,3,4,80,0,16,3,3,14.0,3,1,10
448,4717,18659,9,Y,No,11,3,3,80,0,15,2,3,11.0,9,6,9
449,13237,20364,7,Y,No,15,3,3,80,0,22,3,3,20.0,6,5,13
450,3755,17872,1,Y,No,11,3,1,80,1,8,3,3,8.0,3,0,7
451,6582,8346,4,Y,Yes,13,3,3,80,0,10,2,4,6.0,5,0,5
452,7406,6950,1,Y,Yes,21,4,4,80,1,10,5,2,10.0,9,5,8
453,4805,16177,0,Y,No,19,3,2,80,1,9,3,4,8.0,7,3,7
454,2741,22808,0,Y,Yes,11,3,2,80,1,8,2,2,7.0,7,1,0
455,4262,22645,4,Y,No,12,3,2,80,2,8,2,4,,2,1,2
456,16184,22578,4,Y,No,19,3,3,80,1,10,2,3,6.0,1,0,5
457,11557,25291,9,Y,No,21,4,3,80,1,10,3,2,5.0,4,0,1
458,1878,8059,1,Y,Yes,14,3,4,80,0,0,3,3,0.0,0,0,0
459,10932,11373,3,Y,No,15,3,3,80,1,20,2,3,1.0,0,0,1
460,6811,2112,2,Y,Yes,17,3,1,80,0,10,3,3,8.0,7,0,7
461,4306,4267,5,Y,No,12,3,1,80,2,8,5,3,0.0,0,0,0
462,4859,6698,1,Y,No,16,3,4,80,0,5,3,3,5.0,4,0,3
463,5337,19921,1,Y,No,12,3,4,80,0,10,3,3,10.0,7,5,7
464,2340,23213,1,Y,Yes,18,3,2,80,0,1,3,1,1.0,0,0,0
465,7491,23848,4,Y,No,17,3,4,80,0,12,3,4,6.0,5,1,2
466,10527,8984,5,Y,No,11,3,4,80,0,28,3,2,2.0,2,1,2
467,16595,5626,7,Y,No,16,3,2,80,1,22,2,3,18.0,16,11,8
468,8834,24666,1,Y,No,13,3,4,80,1,9,6,3,9.0,5,7,7
469,5577,22087,3,Y,Yes,12,3,2,80,2,18,3,3,10.0,9,6,9
470,4707,23914,8,Y,No,12,3,4,80,0,6,2,3,4.0,2,1,2
471,2400,5530,0,Y,No,13,3,3,80,2,3,3,3,2.0,2,2,1
472,9824,22174,3,Y,No,19,3,3,80,1,18,4,3,1.0,0,0,0
473,6447,15701,6,Y,No,12,3,2,80,1,8,2,2,6.0,5,4,3
474,19502,2125,1,Y,Yes,17,3,3,80,1,31,5,3,31.0,9,0,9
475,2725,21630,1,Y,Yes,11,3,2,80,2,6,3,3,,5,1,4
476,6272,7428,1,Y,No,20,4,4,80,2,6,5,4,,3,1,4
477,2127,9100,1,Y,No,21,4,4,80,1,1,2,3,1.0,0,0,0
478,18200,7999,1,Y,No,11,3,3,80,1,32,2,3,,5,10,7
479,2096,26376,1,Y,No,11,3,3,80,0,7,1,3,7.0,4,0,6
480,2886,14168,1,Y,Yes,16,3,4,80,1,6,4,3,6.0,3,1,2
481,2033,14470,1,Y,No,18,3,3,80,1,1,2,4,1.0,0,0,0
482,3622,22794,1,Y,Yes,13,3,4,80,1,6,3,3,6.0,5,1,3
483,4233,11512,2,Y,No,17,3,3,80,0,9,2,1,3.0,1,1,2
484,3681,14004,4,Y,No,14,3,4,80,0,9,3,3,3.0,2,0,2
485,5460,6219,4,Y,No,22,4,4,80,2,13,4,4,7.0,7,5,7
486,2187,5013,0,Y,No,12,3,3,80,2,6,5,2,5.0,3,0,3
487,9602,3010,4,Y,Yes,11,3,3,80,1,17,3,2,3.0,0,1,0
488,2836,11757,1,Y,No,13,3,4,80,0,1,0,4,1.0,0,0,0
489,4089,5718,1,Y,No,13,3,2,80,2,10,4,3,10.0,2,2,2
490,16627,2671,4,Y,Yes,14,3,3,80,1,21,3,2,1.0,0,0,0
491,2619,14561,3,Y,No,17,3,4,80,0,8,3,2,0.0,0,0,0
492,5679,19627,3,Y,Yes,13,3,2,80,1,10,3,3,8.0,7,4,7
493,15402,17997,7,Y,No,11,3,1,80,1,21,3,1,3.0,2,0,2
494,5985,26894,4,Y,No,11,3,2,80,0,10,1,4,2.0,2,0,2
495,2579,2912,1,Y,Yes,18,3,4,80,2,8,3,3,8.0,2,0,6
496,3041,16346,0,Y,No,11,3,2,80,1,5,3,3,4.0,3,0,2
497,3447,24444,1,Y,No,11,3,3,80,0,3,2,3,3.0,2,1,2
498,19513,9358,4,Y,Yes,12,3,1,80,1,26,2,4,2.0,2,0,1
499,2773,12145,0,Y,No,20,4,4,80,0,3,3,3,2.0,2,2,2
500,7104,20431,0,Y,No,12,3,4,80,0,6,3,3,5.0,0,1,2
501,6322,18089,1,Y,Yes,12,3,4,80,1,6,2,2,,4,0,5
502,2083,22653,1,Y,No,20,4,3,80,1,1,2,3,1.0,0,0,0
503,8381,7507,7,Y,No,20,4,4,80,0,18,2,4,14.0,7,8,10
504,2691,7660,1,Y,No,12,3,4,80,1,10,4,2,10.0,9,8,8
505,4286,5630,2,Y,No,14,3,4,80,2,5,4,3,1.0,1,0,0
506,2659,17759,1,Y,Yes,13,3,3,80,1,3,2,3,3.0,2,0,2
507,9434,9606,1,Y,No,15,3,3,80,1,10,2,3,10.0,7,7,8
508,5561,3487,1,Y,No,14,3,1,80,1,6,5,2,6.0,0,1,2
509,6646,19368,1,Y,No,13,3,2,80,0,17,3,3,17.0,11,11,8
510,7725,5335,3,Y,No,23,4,3,80,1,15,2,1,13.0,11,4,7
511,10725,6729,2,Y,No,15,3,3,80,1,16,1,4,9.0,7,7,1
512,8847,13934,2,Y,Yes,11,3,3,80,1,13,2,3,3.0,2,0,2
513,2045,15174,0,Y,No,13,3,4,80,0,5,0,3,4.0,2,1,1
514,1009,26999,1,Y,Yes,11,3,4,80,0,1,5,3,1.0,0,1,1
515,3348,3164,1,Y,Yes,11,3,1,80,0,10,3,3,10.0,8,9,7
516,1281,16900,1,Y,No,18,3,3,80,2,1,3,3,1.0,0,0,0
517,2819,8544,2,Y,No,16,3,1,80,1,5,3,4,3.0,2,0,2
518,4851,15678,0,Y,No,22,4,3,80,1,4,4,3,3.0,2,1,2
519,4028,7791,0,Y,No,20,4,1,80,0,8,2,3,7.0,7,0,5
520,2720,18959,1,Y,No,18,3,4,80,1,10,5,3,10.0,7,2,8
521,8120,18597,3,Y,No,12,3,4,80,0,12,3,3,2.0,2,2,2
522,4647,16673,1,Y,Yes,20,4,2,80,2,6,3,3,6.0,5,0,4
523,4680,15232,3,Y,No,17,3,1,80,0,4,2,3,1.0,0,0,0
524,3221,3297,1,Y,Yes,11,3,3,80,3,20,3,3,20.0,8,3,8
525,8621,17654,1,Y,No,14,3,2,80,0,9,3,4,8.0,7,7,7
526,4577,24785,9,Y,No,14,3,1,80,0,4,3,3,2.0,2,2,0
527,4553,20978,1,Y,No,11,3,1,80,0,20,4,3,20.0,7,11,10
528,5396,21703,1,Y,No,12,3,4,80,0,10,2,2,10.0,7,0,8
529,6796,23452,3,Y,Yes,14,3,1,80,1,18,4,3,4.0,3,1,3
530,7625,19383,0,Y,No,13,3,3,80,0,10,4,2,9.0,7,1,8
531,7412,6009,1,Y,No,11,3,4,80,0,9,3,3,9.0,7,0,7
532,11159,19373,3,Y,No,15,3,4,80,0,10,6,3,7.0,7,7,7
533,4960,11825,2,Y,No,12,3,4,80,0,20,2,3,7.0,7,1,7
534,10475,23772,5,Y,Yes,21,4,3,80,1,20,2,3,18.0,13,1,12
535,14814,13514,3,Y,No,19,3,3,80,0,32,3,3,5.0,1,1,3
536,19141,8861,3,Y,No,15,3,2,80,3,23,2,2,21.0,6,12,6
537,5405,11924,8,Y,No,14,3,4,80,0,10,1,3,2.0,2,2,2
538,8793,4809,1,Y,No,21,4,3,80,2,9,4,2,9.0,7,1,7
539,19189,19562,1,Y,No,12,3,2,80,1,22,3,3,22.0,7,2,10
540,3875,9983,7,Y,No,15,3,4,80,1,4,2,3,2.0,2,2,2
541,2216,3872,7,Y,Yes,13,3,4,80,0,10,4,3,,7,3,7
542,11713,20335,9,Y,No,14,3,1,80,1,10,2,3,8.0,7,0,5
543,7861,15397,4,Y,Yes,14,3,4,80,0,10,4,4,1.0,0,0,0
544,3708,2104,2,Y,No,14,3,3,80,0,9,5,3,5.0,2,1,4
545,13770,10225,9,Y,Yes,12,3,4,80,2,28,2,2,,2,11,13
546,5304,25275,7,Y,No,23,4,4,80,1,10,2,2,8.0,7,7,7
547,2642,2755,1,Y,No,11,3,3,80,0,1,6,3,1.0,0,0,0
548,2759,20366,6,Y,Yes,12,3,4,80,0,7,2,3,2.0,2,2,2
549,6804,23683,3,Y,No,18,3,3,80,1,7,5,3,2.0,2,2,2
550,6142,7360,3,Y,No,11,3,4,80,0,10,2,3,5.0,1,4,3
551,2500,4344,1,Y,No,14,3,4,80,1,5,2,4,4.0,3,0,2
552,6389,18767,9,Y,No,15,3,3,80,1,12,3,1,8.0,3,3,6
553,11103,20420,7,Y,No,11,3,3,80,0,30,1,2,10.0,7,1,1
554,2342,22929,0,Y,Yes,20,4,4,80,0,5,2,2,4.0,2,2,3
555,6811,23398,8,Y,No,19,3,1,80,0,9,2,1,7.0,6,0,7
556,2297,17967,1,Y,No,14,3,4,80,2,2,2,3,2.0,2,2,2
557,2450,10919,2,Y,No,17,3,4,80,0,19,4,3,2.0,2,2,2
558,5093,4761,2,Y,No,11,3,1,80,1,16,2,4,1.0,0,0,0
559,5309,21146,1,Y,No,15,3,4,80,2,10,2,3,10.0,8,4,7
560,3057,20471,6,Y,Yes,13,3,2,80,1,6,0,1,1.0,0,0,1
561,5121,4187,3,Y,No,14,3,3,80,1,7,3,3,0.0,0,0,0
562,16856,10084,1,Y,No,11,3,1,80,0,34,3,4,34.0,6,1,16
563,2686,5207,1,Y,Yes,13,3,3,80,0,10,2,2,10.0,9,7,8
564,6180,22807,1,Y,No,23,4,2,80,0,6,5,2,6.0,5,1,4
565,6632,12388,0,Y,No,13,3,1,80,0,9,3,3,8.0,7,3,1
566,3505,19630,1,Y,No,18,3,4,80,0,2,3,3,2.0,2,0,2
567,6397,10339,4,Y,Yes,12,3,4,80,0,8,2,3,5.0,4,1,3
568,6274,18686,1,Y,No,22,4,3,80,0,6,5,3,6.0,5,1,4
569,19859,21199,5,Y,Yes,13,3,4,80,1,24,2,3,5.0,2,1,4
570,7587,14229,1,Y,No,15,3,2,80,0,10,1,3,10.0,7,0,9
571,4258,26589,0,Y,No,18,3,1,80,1,5,3,3,4.0,3,1,2
572,4364,5288,3,Y,No,14,3,1,80,1,5,2,3,2.0,2,2,0
573,4335,25549,4,Y,No,12,3,1,80,1,11,3,2,8.0,7,1,1
574,5326,3064,6,Y,No,17,3,3,80,0,6,2,2,4.0,3,1,2
575,3280,13551,2,Y,No,16,3,3,80,0,10,2,3,4.0,2,1,3
576,5485,22670,9,Y,Yes,11,3,2,80,2,9,4,3,5.0,3,1,4
577,4342,24008,0,Y,No,19,3,2,80,1,5,3,3,4.0,2,1,1
578,2782,19905,0,Y,Yes,13,3,2,80,2,6,3,2,5.0,3,4,3
579,5980,26085,6,Y,Yes,12,3,4,80,0,17,2,3,15.0,7,4,12
580,4381,7530,1,Y,No,11,3,3,80,0,6,3,3,6.0,5,1,3
581,2572,20317,1,Y,No,16,3,2,80,1,3,1,2,3.0,2,0,2
582,3833,24375,3,Y,No,21,4,3,80,2,7,2,3,2.0,2,0,2
583,4244,9931,1,Y,No,24,4,4,80,1,8,2,3,8.0,7,3,7
584,6500,13305,5,Y,No,17,3,2,80,1,6,1,3,3.0,2,1,2
585,18430,16225,1,Y,No,13,3,2,80,1,24,4,2,24.0,7,14,9
586,1601,3445,1,Y,Yes,21,4,3,80,2,1,2,3,0.0,0,0,0
587,2694,26551,1,Y,No,11,3,3,80,3,1,4,3,1.0,0,0,0
588,3149,21821,8,Y,No,20,4,2,80,1,9,3,3,5.0,2,1,4
589,17639,6881,5,Y,No,16,3,4,80,0,30,3,3,4.0,3,0,3
590,2319,6689,1,Y,Yes,11,3,4,80,1,1,1,3,1.0,0,0,0
591,11691,25995,0,Y,No,11,3,4,80,0,14,3,4,13.0,9,3,7
592,5324,26507,5,Y,No,15,3,3,80,0,6,3,3,3.0,2,0,2
593,16752,12982,1,Y,Yes,11,3,3,80,1,26,3,2,26.0,14,3,0
594,5228,23361,0,Y,No,15,3,1,80,1,10,2,3,9.0,7,0,5
595,2700,23779,1,Y,No,24,4,3,80,1,10,3,3,10.0,7,0,7
596,19246,25761,7,Y,Yes,12,3,4,80,0,40,2,3,31.0,15,13,8
597,2506,13301,3,Y,No,13,3,3,80,0,7,0,3,2.0,2,2,2
598,6062,4051,9,Y,Yes,13,3,4,80,1,8,4,3,4.0,3,0,2
599,4382,16374,6,Y,No,17,3,4,80,0,5,3,2,2.0,2,2,1
600,2143,25527,4,Y,No,13,3,2,80,1,8,2,3,5.0,2,0,4
601,6162,19124,1,Y,No,12,3,3,80,1,14,3,3,14.0,13,6,8
602,5094,11983,6,Y,No,14,3,4,80,0,10,6,3,1.0,0,0,0
603,6877,20234,5,Y,Yes,24,4,2,80,0,12,4,2,0.0,0,0,0
604,2274,6153,1,Y,No,14,3,4,80,0,1,3,3,1.0,0,0,0
605,4434,11806,1,Y,No,13,3,4,80,1,10,3,2,9.0,8,7,8
606,6288,4284,2,Y,No,15,3,3,80,1,13,3,2,4.0,3,1,2
607,2553,8306,1,Y,No,16,3,3,80,0,6,3,3,5.0,2,1,3
608,7654,5860,1,Y,No,18,3,1,80,2,9,3,4,9.0,8,7,7
609,5160,21519,4,Y,No,16,3,3,80,0,12,3,2,9.0,7,7,3
610,17159,5200,6,Y,No,24,4,3,80,1,22,3,3,4.0,1,1,0
611,12808,8842,1,Y,Yes,16,3,2,80,1,9,3,3,9.0,8,0,8
612,10221,18869,3,Y,No,21,4,2,80,0,17,3,4,8.0,5,1,6
613,4779,3698,1,Y,Yes,20,4,1,80,0,8,2,3,8.0,7,7,5
614,3737,2243,0,Y,No,19,3,3,80,1,4,1,1,3.0,2,0,2
615,2366,20898,1,Y,Yes,14,3,1,80,1,8,2,3,8.0,7,1,7
616,1706,16571,1,Y,No,11,3,3,80,3,0,6,2,0.0,0,0,0
617,16307,5594,2,Y,No,14,3,3,80,1,29,2,2,20.0,6,4,17
618,5933,5197,9,Y,No,12,3,4,80,0,10,2,2,5.0,2,2,3
619,3424,21632,7,Y,No,13,3,3,80,0,6,3,2,4.0,3,0,1
620,4037,21816,1,Y,No,22,4,1,80,1,9,5,3,9.0,8,0,8
621,2559,17852,1,Y,No,11,3,4,80,0,6,3,2,6.0,5,1,1
622,6201,2823,1,Y,Yes,14,3,4,80,1,18,1,2,18.0,14,4,11
623,4403,9250,2,Y,No,11,3,3,80,1,8,3,2,5.0,2,0,3
624,3761,2373,9,Y,No,12,3,2,80,1,10,3,2,5.0,4,0,3
625,10934,20715,7,Y,Yes,18,3,4,80,1,35,3,3,5.0,2,0,4
626,10761,19239,4,Y,Yes,12,3,3,80,1,18,2,3,5.0,4,0,2
627,5175,22162,5,Y,No,12,3,3,80,1,9,3,2,5.0,3,1,3
628,13826,19028,3,Y,No,22,4,3,80,0,31,3,3,9.0,8,0,0
629,6334,24558,4,Y,No,19,3,4,80,2,9,2,3,1.0,0,0,0
630,4936,23965,1,Y,No,13,3,4,80,1,6,6,3,5.0,1,0,4
631,4775,19146,6,Y,No,22,4,1,80,2,4,2,1,2.0,2,2,2
632,2818,5044,2,Y,Yes,24,4,3,80,1,10,2,2,3.0,2,0,2
633,2515,9068,5,Y,Yes,14,3,4,80,0,8,2,3,2.0,1,2,2
634,2342,8635,0,Y,No,21,4,3,80,0,6,3,3,5.0,4,0,3
635,4194,14363,1,Y,Yes,18,3,4,80,0,5,3,3,5.0,3,0,3
636,10685,23457,1,Y,Yes,20,4,2,80,1,17,2,3,17.0,14,5,15
637,2022,16612,1,Y,Yes,19,3,1,80,1,10,3,2,10.0,2,7,8
638,2314,9148,0,Y,No,12,3,2,80,1,4,2,3,3.0,0,0,2
639,4256,18154,1,Y,No,12,3,1,80,0,5,1,4,5.0,2,0,3
640,3580,10554,2,Y,No,16,3,2,80,1,7,2,3,4.0,2,0,2
641,3162,10778,0,Y,No,17,3,4,80,0,6,2,2,5.0,2,3,4
642,6524,8891,1,Y,No,14,3,4,80,1,10,3,3,10.0,8,5,3
643,2899,12102,0,Y,No,19,3,4,80,1,3,3,3,2.0,2,1,2
644,5231,23726,2,Y,Yes,13,3,2,80,1,17,1,2,5.0,3,1,3
645,2356,14871,3,Y,Yes,19,3,2,80,1,8,2,3,6.0,4,0,2
646,2800,23522,6,Y,Yes,19,3,3,80,3,5,3,3,3.0,2,0,2
647,11836,22789,5,Y,No,14,3,3,80,1,28,3,3,2.0,0,2,2
648,10903,9129,3,Y,No,16,3,1,80,0,16,2,3,13.0,10,4,8
649,2973,21222,5,Y,No,15,3,2,80,1,10,3,3,5.0,4,0,0
650,14275,20206,6,Y,No,18,3,3,80,0,33,0,3,12.0,9,3,8
651,5562,21782,4,Y,No,13,3,2,80,1,12,2,2,5.0,2,2,2
652,4537,17783,0,Y,Yes,22,4,1,80,1,8,2,3,7.0,6,7,7
653,7642,4814,1,Y,Yes,13,3,4,80,0,10,2,3,10.0,0,0,9
654,17924,4544,1,Y,No,11,3,4,80,1,31,3,3,31.0,6,14,7
655,5204,7790,8,Y,No,11,3,3,80,2,13,2,3,5.0,4,0,4
656,2277,22650,3,Y,Yes,11,3,3,80,1,7,4,4,4.0,3,0,3
657,2795,18016,1,Y,Yes,24,4,3,80,0,1,2,1,1.0,0,0,1
658,2532,6054,6,Y,No,14,3,3,80,3,8,5,3,4.0,3,0,3
659,2559,7508,1,Y,Yes,13,3,4,80,0,8,0,3,8.0,7,7,1
660,4908,24252,1,Y,No,14,3,2,80,0,4,3,3,4.0,2,0,2
661,2380,13384,9,Y,Yes,14,3,4,80,1,3,3,2,1.0,0,0,0
662,4765,23814,4,Y,No,21,4,3,80,1,4,2,4,1.0,0,0,0
663,2044,22052,1,Y,No,13,3,4,80,0,2,3,2,2.0,2,0,2
664,2693,8870,1,Y,No,19,3,1,80,0,1,3,2,1.0,0,0,0
665,6586,4821,0,Y,Yes,17,3,1,80,1,17,2,2,16.0,8,4,11
666,3294,13137,1,Y,Yes,18,3,1,80,0,3,3,2,3.0,2,1,2
667,4171,10022,0,Y,Yes,19,3,1,80,1,4,3,4,3.0,2,0,2
668,2778,17725,4,Y,Yes,13,3,3,80,1,10,1,2,7.0,7,1,0
669,2377,9834,5,Y,No,18,3,2,80,1,6,2,3,,2,2,2
670,2404,4303,7,Y,Yes,21,4,4,80,0,8,2,1,2.0,2,2,2
671,2318,17808,1,Y,No,19,3,3,80,0,1,2,3,1.0,1,0,0
672,2008,6896,1,Y,No,14,3,2,80,2,1,3,3,1.0,0,1,0
673,6244,7824,7,Y,No,17,3,1,80,0,10,6,3,5.0,4,0,3
674,2799,3339,3,Y,Yes,11,3,2,80,0,6,1,3,,2,0,2
675,10552,9255,2,Y,Yes,13,3,4,80,1,24,3,3,6.0,0,0,4
676,2329,11737,3,Y,No,15,3,2,80,0,13,2,4,7.0,7,5,2
677,4014,19170,1,Y,Yes,25,4,4,80,1,10,2,1,10.0,6,0,7
678,7403,22477,4,Y,No,11,3,3,80,1,29,3,2,,9,1,7
679,2259,5543,4,Y,No,17,3,1,80,2,13,2,2,0.0,0,0,0
680,6932,24406,1,Y,No,13,3,4,80,1,9,2,2,9.0,8,0,0
681,4678,23293,2,Y,No,18,3,3,80,0,8,6,3,6.0,2,0,1
682,13582,16292,1,Y,No,13,3,2,80,1,15,3,3,15.0,12,5,11
683,2332,3974,6,Y,No,20,4,3,80,0,5,3,3,3.0,0,0,2
684,2413,18798,1,Y,Yes,18,3,3,80,3,1,2,3,1.0,0,0,0
685,9705,20652,2,Y,No,12,3,2,80,1,11,2,2,1.0,0,0,0
686,4294,11148,1,Y,No,12,3,2,80,0,7,2,3,7.0,7,0,7
687,4721,3119,2,Y,Yes,13,3,3,80,0,20,3,3,18.0,13,2,17
688,2519,12287,4,Y,No,21,4,3,80,0,16,6,3,11.0,8,3,9
689,2121,9947,1,Y,Yes,13,3,2,80,0,1,3,4,1.0,0,0,0
690,2973,13008,1,Y,No,19,3,2,80,0,1,2,3,1.0,0,0,0
691,5855,17369,0,Y,Yes,11,3,3,80,2,10,2,1,,7,8,5
692,3617,25063,8,Y,Yes,14,3,4,80,1,3,2,3,1.0,1,0,0
693,6725,13554,1,Y,No,12,3,3,80,1,8,2,4,8.0,7,6,3
694,10325,5518,1,Y,Yes,11,3,1,80,1,16,6,3,16.0,7,3,7
695,6949,12291,0,Y,No,14,3,1,80,0,6,3,3,5.0,0,1,4
696,10609,14922,5,Y,No,11,3,3,80,0,17,2,1,14.0,1,11,7
697,4447,23163,1,Y,No,12,3,2,80,0,9,5,2,9.0,7,0,8
698,2157,18203,1,Y,No,15,3,2,80,1,3,5,3,3.0,1,0,2
699,4601,6179,1,Y,No,16,3,2,80,0,5,3,3,5.0,2,1,0
700,17099,13829,2,Y,No,15,3,2,80,1,26,2,2,9.0,8,7,8
701,2479,26227,4,Y,No,24,4,1,80,0,7,4,3,1.0,0,0,0
702,14852,13938,6,Y,No,13,3,3,80,1,22,3,4,17.0,13,15,2
703,7264,9977,5,Y,No,11,3,1,80,1,10,2,4,8.0,4,7,7
704,5666,19899,1,Y,Yes,13,3,2,80,0,6,1,3,5.0,3,1,3
705,7823,6812,6,Y,No,13,3,2,80,1,12,2,3,10.0,9,0,8
706,7880,2560,0,Y,No,18,3,4,80,0,9,3,3,8.0,7,0,7
707,13194,17071,4,Y,Yes,16,3,4,80,0,22,2,2,1.0,0,0,0
708,5067,6759,1,Y,Yes,19,3,3,80,0,20,3,4,19.0,10,2,7
709,5079,25952,4,Y,No,13,3,4,80,2,12,3,3,,7,0,7
710,2321,10322,0,Y,Yes,22,4,1,80,0,4,0,3,3.0,2,1,2
711,17444,20489,1,Y,No,11,3,4,80,0,10,2,3,10.0,8,6,0
712,2404,11479,6,Y,Yes,20,4,3,80,0,3,5,3,0.0,0,0,0
713,3452,17241,3,Y,No,18,3,1,80,0,5,4,3,3.0,2,0,2
714,2270,11005,3,Y,No,14,3,4,80,2,8,2,3,5.0,3,0,2
715,17399,6615,9,Y,No,22,4,3,80,1,32,1,2,5.0,4,1,3
716,5488,20161,1,Y,Yes,13,3,1,80,1,6,2,3,6.0,5,1,2
717,19419,3735,2,Y,No,17,3,2,80,1,21,2,4,18.0,16,0,11
718,2811,12086,9,Y,No,14,3,2,80,1,4,2,3,2.0,2,2,2
719,3633,14039,1,Y,Yes,15,3,3,80,1,9,2,3,9.0,8,0,8
720,4163,8571,1,Y,Yes,17,3,3,80,0,9,0,3,9.0,0,0,7
721,2132,11539,4,Y,Yes,11,3,2,80,0,7,2,3,5.0,2,0,1
722,13973,4161,3,Y,Yes,18,3,4,80,1,22,2,3,12.0,11,1,5
723,2684,12127,0,Y,No,17,3,2,80,1,3,0,2,2.0,1,0,2
724,10845,24208,6,Y,No,13,3,2,80,1,13,3,3,8.0,7,0,7
725,4377,24117,1,Y,No,15,3,2,80,2,5,6,3,4.0,2,3,2
726,3743,10074,1,Y,Yes,24,4,4,80,1,5,2,1,4.0,2,0,2
727,4148,11275,1,Y,No,12,3,3,80,1,4,1,3,4.0,3,0,3
728,1051,13493,1,Y,No,15,3,4,80,0,0,2,3,,0,0,0
729,10739,13943,8,Y,No,11,3,3,80,1,22,2,3,10.0,7,0,8
730,10388,6975,1,Y,Yes,11,3,3,80,1,16,3,2,16.0,10,10,1
731,11416,17802,0,Y,Yes,12,3,3,80,3,9,4,2,8.0,7,1,7
732,2600,18275,1,Y,Yes,15,3,1,80,0,1,2,3,1.0,0,0,0
733,2422,25725,0,Y,No,17,3,1,80,0,4,3,3,3.0,2,1,2
734,5472,3334,1,Y,No,12,3,2,80,0,8,2,3,8.0,7,1,3
735,2451,6881,1,Y,No,15,3,1,80,1,4,3,2,4.0,3,1,1
736,4240,13119,2,Y,No,13,3,4,80,0,19,0,3,2.0,2,2,2
737,10999,22245,7,Y,No,14,3,2,80,0,27,3,3,15.0,11,4,8
738,5003,23371,6,Y,No,14,3,2,80,0,8,6,3,2.0,2,2,1
739,12742,7060,1,Y,No,16,3,3,80,1,21,3,3,21.0,6,11,8
740,4227,4658,0,Y,No,18,3,2,80,1,4,2,3,3.0,2,2,2
741,3917,9541,1,Y,No,20,4,1,80,1,3,4,2,3.0,2,1,2
742,18303,7770,6,Y,No,13,3,2,80,0,21,3,4,1.0,0,0,0
743,2380,20165,4,Y,No,18,3,2,80,0,8,5,3,1.0,0,0,0
744,13726,21829,3,Y,Yes,13,3,1,80,0,30,4,3,5.0,3,4,3
745,4777,14382,5,Y,No,15,3,1,80,0,15,2,1,1.0,0,0,0
746,6385,12992,3,Y,Yes,14,3,4,80,2,17,3,3,8.0,7,6,7
747,19973,20284,1,Y,No,22,4,2,80,2,21,3,3,21.0,16,5,10
748,6861,4981,8,Y,Yes,12,3,3,80,0,19,1,3,1.0,0,0,0
749,4969,21813,8,Y,No,18,3,4,80,0,7,6,3,2.0,2,2,2
750,19845,25846,1,Y,No,15,3,4,80,1,33,3,3,32.0,14,6,9
751,13320,11737,3,Y,Yes,18,3,3,80,1,23,2,3,12.0,11,11,11
752,6347,24920,0,Y,No,12,3,1,80,1,19,3,3,18.0,7,0,13
753,2743,8269,1,Y,No,16,3,3,80,0,18,1,3,17.0,13,15,14
754,10880,5083,1,Y,Yes,13,3,3,80,0,21,2,3,21.0,6,2,8
755,2342,21437,0,Y,No,19,3,4,80,0,3,2,2,2.0,2,2,2
756,17650,5404,3,Y,No,13,3,2,80,1,26,4,4,9.0,3,1,1
757,4025,11135,9,Y,No,12,3,2,80,0,10,2,3,8.0,7,7,7
758,9725,12278,0,Y,No,11,3,4,80,1,16,2,2,15.0,1,0,9
759,11904,11038,3,Y,Yes,14,3,3,80,1,14,1,1,6.0,4,0,4
760,2177,8318,1,Y,No,16,3,1,80,0,6,3,3,6.0,3,0,4
761,7525,23537,2,Y,No,12,3,1,80,1,30,2,3,15.0,7,6,12
762,4834,7858,7,Y,No,14,3,2,80,1,9,3,2,1.0,0,0,0
763,2042,15346,6,Y,Yes,14,3,2,80,1,6,2,3,3.0,2,1,2
764,2220,18410,1,Y,Yes,19,3,4,80,1,1,2,3,1.0,1,0,0
765,1052,23384,1,Y,No,22,4,2,80,0,1,5,3,1.0,0,0,0
766,2821,2997,3,Y,No,16,3,1,80,1,8,2,3,2.0,2,2,2
767,19237,12853,2,Y,Yes,11,3,4,80,1,29,2,2,8.0,1,7,7
768,4107,13848,3,Y,No,15,3,1,80,0,8,3,2,4.0,3,0,1
769,8396,22217,1,Y,No,14,3,2,80,1,8,3,2,7.0,7,7,5
770,2007,25265,1,Y,No,13,3,3,80,2,5,5,3,5.0,3,1,3
771,19627,21445,9,Y,No,17,3,4,80,2,23,0,3,2.0,2,2,2
772,10686,8392,6,Y,No,11,3,2,80,1,13,4,3,9.0,4,7,0
773,2942,12154,2,Y,No,19,3,2,80,1,18,4,3,5.0,4,0,3
774,8858,15669,0,Y,No,11,3,2,80,0,15,2,2,14.0,8,7,8
775,16756,17323,7,Y,No,15,3,2,80,0,31,3,4,,7,6,2
776,10798,5268,5,Y,No,13,3,3,80,1,18,5,3,,0,0,0
777,2323,17205,1,Y,Yes,14,3,2,80,0,2,3,3,2.0,2,0,2
778,1416,17258,1,Y,No,13,3,1,80,0,1,6,2,1.0,0,1,0
779,4615,21029,8,Y,Yes,23,4,1,80,3,19,2,3,16.0,13,1,7
780,2461,10332,9,Y,Yes,12,3,3,80,3,18,2,4,10.0,0,2,7
781,8722,12355,1,Y,No,12,3,1,80,0,10,2,2,10.0,7,1,9
782,3955,11141,1,Y,No,16,3,1,80,2,6,2,3,5.0,3,1,3
783,9957,9096,0,Y,No,15,3,3,80,1,7,1,2,6.0,2,0,2
784,3376,18863,1,Y,No,13,3,3,80,0,10,3,3,10.0,6,0,8
785,8823,24608,0,Y,No,18,3,1,80,1,20,4,2,19.0,9,1,9
786,10322,26542,4,Y,No,20,4,4,80,1,14,6,3,11.0,10,11,1
787,4621,5869,1,Y,No,19,3,4,80,3,3,4,3,3.0,2,1,2
788,10976,15813,3,Y,No,18,3,2,80,1,23,4,3,3.0,2,1,2
789,3660,7909,3,Y,No,13,3,4,80,0,10,4,4,8.0,7,1,7
790,10482,2326,9,Y,No,14,3,4,80,1,24,1,3,20.0,6,3,6
791,7119,21214,4,Y,No,15,3,3,80,1,9,2,3,3.0,2,1,2
792,9582,10333,0,Y,Yes,22,4,1,80,0,9,2,3,8.0,7,4,7
793,4508,3129,1,Y,No,22,4,2,80,0,14,4,3,13.0,7,3,8
794,2207,22482,1,Y,No,16,3,4,80,1,4,5,2,4.0,2,2,2
795,7756,22266,0,Y,No,17,3,3,80,0,7,1,2,6.0,2,0,4
796,6694,24223,2,Y,Yes,14,3,3,80,3,8,5,3,1.0,0,0,0
797,3691,4605,1,Y,Yes,15,3,2,80,1,7,3,4,,7,5,6
798,2377,19373,1,Y,No,20,4,3,80,1,1,0,2,1.0,1,0,0
799,2313,2993,4,Y,Yes,20,4,2,80,0,5,0,3,,2,2,2
800,17665,14399,0,Y,No,17,3,4,80,1,23,3,3,22.0,6,13,7
801,2596,7160,1,Y,No,15,3,1,80,2,1,2,3,1.0,0,0,0
802,4728,17251,3,Y,Yes,14,3,4,80,0,5,4,3,0.0,0,0,0
803,4302,13401,0,Y,No,17,3,3,80,1,4,3,3,3.0,2,0,2
804,2979,22478,3,Y,No,17,3,4,80,3,6,2,3,0.0,0,0,0
805,16885,16154,2,Y,No,22,4,3,80,0,27,3,2,5.0,4,2,1
806,5593,17970,1,Y,No,13,3,4,80,1,15,2,3,15.0,10,4,12
807,10445,15322,7,Y,No,19,3,4,80,0,18,4,3,8.0,6,4,0
808,8740,5569,0,Y,Yes,14,3,2,80,2,9,2,3,8.0,7,2,7
809,2514,26968,4,Y,No,22,4,1,80,1,11,1,3,7.0,5,1,7
810,7655,8039,0,Y,No,17,3,2,80,3,10,3,2,9.0,7,1,7
811,17465,15596,3,Y,No,12,3,4,80,1,23,3,3,12.0,9,4,9
812,7351,20619,7,Y,No,16,3,3,80,0,10,2,3,1.0,0,0,0
813,10820,11535,8,Y,No,11,3,3,80,1,18,1,3,8.0,7,0,1
814,12169,13547,7,Y,No,11,3,4,80,3,21,4,3,18.0,7,11,5
815,19626,17544,1,Y,No,14,3,1,80,0,21,2,4,20.0,7,4,9
816,2070,25326,1,Y,Yes,11,3,3,80,0,2,6,4,2.0,2,2,2
817,6782,8770,9,Y,No,15,3,3,80,0,9,2,2,5.0,4,0,3
818,7779,23238,2,Y,No,20,4,1,80,0,18,0,3,11.0,9,0,9
819,2791,21981,0,Y,No,12,3,1,80,1,3,4,3,2.0,2,2,2
820,3201,19911,0,Y,No,17,3,1,80,0,6,2,1,5.0,3,0,4
821,4968,18500,1,Y,No,11,3,4,80,1,5,3,3,5.0,2,0,2
822,13120,11879,6,Y,No,17,3,2,80,1,22,3,3,9.0,8,2,3
823,4033,15834,2,Y,No,11,3,4,80,0,5,3,2,3.0,2,0,2
824,3291,17940,0,Y,No,14,3,4,80,2,8,2,2,7.0,5,1,1
825,4272,9558,4,Y,No,19,3,1,80,0,16,3,3,1.0,0,0,0
826,5056,17689,1,Y,Yes,15,3,3,80,1,10,2,2,10.0,7,1,2
827,2844,6004,1,Y,No,13,3,4,80,1,7,2,4,7.0,6,5,0
828,2703,22088,1,Y,Yes,14,3,4,80,1,3,2,3,,1,0,2
829,1904,13556,1,Y,No,12,3,4,80,0,0,0,3,0.0,0,0,0
830,8224,18385,0,Y,Yes,17,3,1,80,0,6,3,3,5.0,2,0,3
831,4766,9051,3,Y,Yes,11,3,1,80,1,6,4,3,1.0,0,0,0
832,2610,6233,1,Y,No,12,3,3,80,1,2,5,2,2.0,2,2,2
833,5731,17171,7,Y,No,13,3,3,80,2,9,2,3,6.0,2,1,3
834,2539,7950,1,Y,No,13,3,3,80,1,4,0,3,4.0,2,2,2
835,5714,5829,1,Y,No,20,4,1,80,0,6,3,2,6.0,5,1,3
836,4323,7108,1,Y,No,17,3,2,80,0,6,2,1,5.0,4,1,4
837,7336,11162,1,Y,No,13,3,1,80,1,11,3,1,11.0,8,3,10
838,13499,13782,9,Y,No,17,3,3,80,0,20,3,2,18.0,7,2,13
839,13758,2447,0,Y,Yes,12,3,2,80,0,22,2,2,21.0,9,13,14
840,5155,2253,7,Y,No,13,3,4,80,0,9,3,4,6.0,4,1,5
841,2258,16340,6,Y,No,12,3,2,80,1,10,2,3,8.0,0,1,7
842,3597,6409,8,Y,No,22,4,4,80,0,6,2,3,4.0,3,1,2
843,2515,22955,1,Y,Yes,11,3,4,80,0,1,4,2,1.0,1,0,0
844,4420,13421,1,Y,No,22,4,2,80,1,8,2,3,8.0,7,0,7
845,6578,2706,1,Y,No,18,3,1,80,1,10,3,3,10.0,3,1,4
846,4422,21203,3,Y,Yes,13,3,4,80,1,16,3,1,1.0,1,0,0
847,10274,19588,2,Y,No,18,3,2,80,1,15,2,4,7.0,7,6,4
848,5343,25755,0,Y,No,20,4,3,80,0,14,3,3,13.0,9,4,9
849,2376,26537,1,Y,No,13,3,2,80,1,2,2,4,2.0,2,2,2
850,5346,9489,8,Y,No,13,3,2,80,0,7,2,2,4.0,3,1,3
851,2827,14947,1,Y,No,12,3,3,80,3,1,3,3,1.0,0,0,0
852,19943,18575,4,Y,No,13,3,4,80,1,28,2,3,5.0,2,4,2
853,3131,26342,1,Y,No,13,3,1,80,1,10,5,3,10.0,8,0,8
854,2552,7172,1,Y,No,25,4,3,80,0,1,4,3,1.0,1,0,0
855,4477,20100,4,Y,Yes,19,3,3,80,1,7,2,2,3.0,2,0,2
856,6474,9961,1,Y,No,13,3,2,80,1,14,2,2,14.0,8,3,11
857,3033,12828,1,Y,No,12,3,1,80,0,2,2,2,2.0,2,1,2
858,2936,10826,1,Y,Yes,11,3,3,80,0,6,4,3,6.0,4,0,2
859,18606,18640,3,Y,No,18,3,2,80,1,26,6,3,,7,4,7
860,2168,26933,0,Y,Yes,18,3,1,80,1,6,2,2,5.0,4,1,3
861,2853,4223,0,Y,Yes,11,3,2,80,1,1,5,3,0.0,0,0,0
862,17048,24097,8,Y,No,23,4,1,80,0,28,2,3,26.0,15,15,9
863,2290,4279,2,Y,No,13,3,4,80,0,6,3,3,0.0,0,0,0
864,3600,8429,1,Y,No,13,3,4,80,1,5,2,3,5.0,4,1,4
865,2107,20293,6,Y,No,17,3,1,80,1,5,2,1,1.0,0,0,0
866,4115,13192,8,Y,No,19,3,3,80,3,8,3,3,4.0,3,0,3
867,4327,25440,5,Y,No,12,3,4,80,3,5,2,3,0.0,0,0,0
868,17856,9490,2,Y,No,22,4,3,80,1,32,3,3,2.0,2,2,2
869,3196,12449,1,Y,No,12,3,3,80,3,6,2,3,6.0,5,3,3
870,19081,10849,5,Y,No,11,3,1,80,1,25,2,3,4.0,2,0,3
871,8966,21026,3,Y,Yes,15,3,4,80,3,15,2,3,7.0,7,1,7
872,2210,3372,1,Y,No,13,3,1,80,1,1,3,1,1.0,0,0,0
873,4539,4905,1,Y,No,12,3,1,80,1,10,3,2,10.0,7,0,1
874,2741,6865,1,Y,No,14,3,3,80,1,7,4,3,7.0,7,1,7
875,3491,11309,1,Y,No,13,3,1,80,3,10,4,2,,7,8,9
876,4541,7744,1,Y,No,25,4,2,80,0,20,3,3,20.0,11,13,17
877,2678,5050,1,Y,No,17,3,4,80,0,2,2,3,2.0,1,2,2
878,7379,17433,2,Y,No,11,3,3,80,1,12,3,2,6.0,3,1,4
879,6272,12858,7,Y,No,16,3,1,80,1,10,3,4,4.0,3,0,3
880,5220,10893,0,Y,Yes,18,3,2,80,1,12,3,3,,7,1,9
881,2743,7331,1,Y,No,20,4,3,80,1,2,2,3,2.0,2,2,2
882,4998,2338,4,Y,Yes,14,3,4,80,0,10,2,3,8.0,7,0,7
883,10252,4235,2,Y,Yes,21,4,3,80,1,17,2,3,7.0,7,7,7
884,2781,6311,0,Y,No,13,3,2,80,1,15,5,3,14.0,10,4,10
885,6852,11591,7,Y,No,12,3,2,80,1,7,2,4,5.0,1,1,3
886,4950,20623,0,Y,No,14,3,2,80,0,5,4,3,4.0,3,1,1
887,3579,9369,0,Y,Yes,21,4,1,80,1,12,2,3,11.0,9,5,7
888,13191,23281,3,Y,Yes,17,3,3,80,0,20,6,3,1.0,0,0,0
889,10377,13755,4,Y,Yes,11,3,2,80,1,16,6,2,13.0,2,4,12
890,2235,14377,1,Y,Yes,14,3,4,80,2,9,3,2,9.0,7,6,8
891,10502,9659,7,Y,No,17,3,1,80,1,33,2,1,5.0,4,1,4
892,2011,19982,1,Y,No,13,3,4,80,1,10,5,3,10.0,5,7,7
893,1859,6148,1,Y,Yes,25,4,2,80,0,1,2,4,1.0,1,0,0
894,3760,5598,1,Y,No,15,3,1,80,3,3,5,3,3.0,2,1,2
895,17779,23474,3,Y,No,14,3,1,80,0,36,2,3,10.0,9,0,9
896,6833,17089,1,Y,Yes,12,3,4,80,0,6,2,2,6.0,5,0,1
897,6812,17198,1,Y,No,19,3,2,80,0,10,2,3,10.0,9,1,8
898,5171,16490,5,Y,No,17,3,4,80,0,13,2,3,6.0,1,0,5
899,19740,18625,3,Y,No,14,3,2,80,1,25,2,3,8.0,7,0,7
900,18711,12124,2,Y,No,13,3,3,80,1,23,2,4,1.0,0,0,0
901,3692,9256,1,Y,No,12,3,3,80,0,12,2,2,11.0,10,0,7
902,2559,16620,5,Y,No,11,3,3,80,0,7,4,2,1.0,0,0,0
903,2517,3208,1,Y,No,11,3,2,80,3,5,2,3,5.0,3,0,3
904,6623,4204,1,Y,Yes,11,3,2,80,2,6,2,3,6.0,0,1,0
905,18265,8733,6,Y,No,12,3,3,80,0,25,3,4,1.0,0,0,0
906,16124,3423,3,Y,No,14,3,2,80,2,9,2,2,7.0,7,1,7
907,2585,21643,0,Y,No,17,3,4,80,0,2,5,2,1.0,0,0,0
908,18213,8751,7,Y,No,11,3,3,80,1,26,5,3,22.0,9,3,10
909,8380,21708,0,Y,Yes,14,3,4,80,2,10,3,3,9.0,8,0,8
910,2994,21221,1,Y,Yes,12,3,4,80,0,1,2,3,1.0,0,0,1
911,1223,16901,1,Y,No,22,4,4,80,1,1,2,3,1.0,0,0,1
912,1118,8040,1,Y,Yes,14,3,4,80,0,1,4,3,1.0,0,1,0
913,2875,9973,1,Y,Yes,20,4,2,80,0,8,2,2,8.0,5,2,2
914,18824,2493,2,Y,Yes,16,3,1,80,0,26,2,3,24.0,10,1,11
915,13577,25592,1,Y,Yes,15,3,4,80,1,34,3,3,33.0,9,15,0
916,2625,25308,1,Y,No,20,4,3,80,0,2,2,1,2.0,2,2,2
917,18789,9946,2,Y,No,14,3,3,80,1,26,2,3,11.0,4,0,8
918,4538,6039,0,Y,Yes,12,3,4,80,0,4,3,3,3.0,2,0,2
919,19847,19196,4,Y,Yes,24,4,1,80,1,31,5,2,29.0,10,11,10
920,10512,20002,6,Y,No,12,3,4,80,0,25,6,2,9.0,7,5,4
921,4444,22534,4,Y,No,13,3,3,80,2,15,2,4,11.0,8,5,10
922,2154,6842,0,Y,Yes,11,3,3,80,0,5,2,2,4.0,2,0,2
923,19190,17477,1,Y,No,14,3,4,80,2,26,4,2,25.0,9,14,13
924,4490,21833,4,Y,No,11,3,4,80,2,14,5,4,10.0,9,1,8
925,3506,6020,0,Y,Yes,14,3,4,80,0,4,3,3,3.0,2,2,2
926,2372,5628,6,Y,Yes,16,3,4,80,0,18,2,3,1.0,0,0,0
927,10231,20364,3,Y,No,14,3,4,80,0,23,3,4,21.0,7,15,17
928,5410,2323,9,Y,Yes,11,3,4,80,0,18,2,3,16.0,14,5,12
929,7978,14075,1,Y,No,11,3,4,80,1,10,2,3,10.0,7,0,5
930,3867,14222,1,Y,Yes,12,3,2,80,1,2,2,3,2.0,2,2,2
931,2838,4257,0,Y,No,14,3,2,80,0,8,6,2,7.0,0,7,7
932,4695,12858,7,Y,Yes,18,3,3,80,0,10,3,3,8.0,4,1,7
933,3339,17285,3,Y,Yes,13,3,1,80,2,10,2,3,7.0,7,7,7
934,2080,4732,2,Y,No,11,3,2,80,0,5,2,2,,2,1,2
935,2096,18830,1,Y,No,18,3,4,80,0,2,3,2,2.0,2,2,1
936,6209,11693,1,Y,No,15,3,3,80,2,10,4,4,10.0,7,0,8
937,18061,13035,3,Y,No,22,4,3,80,0,22,4,3,0.0,0,0,0
938,17123,17334,6,Y,Yes,13,3,4,80,2,21,4,3,19.0,9,15,2
939,2372,26076,1,Y,No,12,3,4,80,2,2,3,3,2.0,2,2,2
940,4883,22845,1,Y,No,18,3,1,80,1,10,3,3,10.0,4,1,1
941,3904,22154,0,Y,No,13,3,1,80,0,6,2,3,5.0,2,0,3
942,4627,23631,0,Y,No,12,3,1,80,1,10,6,3,9.0,2,6,7
943,7094,5747,3,Y,No,12,3,1,80,0,10,0,3,7.0,7,1,7
944,3423,22957,6,Y,No,12,3,3,80,0,10,3,4,7.0,6,5,7
945,6674,16392,0,Y,No,11,3,1,80,3,10,6,3,9.0,8,7,5
946,16880,22422,4,Y,Yes,11,3,2,80,0,25,2,3,3.0,2,1,2
947,9094,17235,2,Y,Yes,12,3,3,80,0,9,2,3,5.0,4,1,0
948,8446,21534,9,Y,Yes,19,3,3,80,0,10,2,2,8.0,7,7,7
949,11916,25927,1,Y,Yes,23,4,4,80,2,9,2,3,9.0,1,0,8
950,4534,13352,0,Y,No,11,3,1,80,0,9,6,3,8.0,7,1,7
951,9852,8935,1,Y,Yes,19,3,1,80,1,10,5,2,10.0,8,9,6
952,6151,22074,1,Y,No,13,3,1,80,0,19,4,3,19.0,2,11,9
953,2302,8319,1,Y,Yes,11,3,1,80,0,3,2,4,3.0,2,2,2
954,2362,14669,4,Y,No,12,3,3,80,0,10,4,4,3.0,2,1,2
955,17861,26582,0,Y,Yes,13,3,4,80,0,21,3,2,20.0,8,2,10
956,19187,6992,4,Y,No,14,3,4,80,1,23,5,3,19.0,9,9,11
957,19717,4022,6,Y,No,14,3,1,80,0,36,4,3,7.0,3,7,7
958,3544,8532,9,Y,No,16,3,2,80,1,6,0,3,4.0,2,0,0
959,8500,5494,0,Y,No,11,3,4,80,1,10,0,2,9.0,7,1,6
960,4661,22455,1,Y,No,13,3,3,80,0,9,4,3,9.0,8,8,8
961,4103,4297,0,Y,No,17,3,4,80,1,10,2,3,9.0,3,1,7
962,4249,2690,1,Y,Yes,11,3,2,80,0,9,3,3,9.0,6,1,1
963,14026,17588,1,Y,Yes,11,3,2,80,1,33,2,3,,9,0,10
964,6893,19461,3,Y,No,15,3,4,80,1,11,3,3,7.0,7,1,7
965,6125,23553,1,Y,No,12,3,4,80,0,10,6,4,10.0,8,9,6
966,3669,9075,3,Y,No,11,3,3,80,3,7,6,2,3.0,2,1,2
967,10008,12023,7,Y,Yes,14,3,4,80,0,31,0,2,10.0,9,5,9
968,2387,6762,3,Y,No,22,4,3,80,1,7,3,3,4.0,2,0,3
969,4639,2261,2,Y,No,16,3,4,80,1,17,2,2,15.0,7,6,13
970,7898,18706,1,Y,No,11,3,3,80,0,11,2,3,10.0,9,0,8
971,2534,6527,8,Y,No,14,3,2,80,1,5,4,3,1.0,0,0,0
972,13142,24439,3,Y,No,16,3,2,80,0,29,1,2,5.0,2,0,3
973,1611,19305,1,Y,No,15,3,3,80,0,0,5,4,0.0,0,0,0
974,5363,10846,0,Y,No,12,3,2,80,1,10,0,3,9.0,7,0,0
975,5071,20392,3,Y,No,20,4,2,80,0,8,3,3,6.0,2,0,0
976,13695,9277,6,Y,Yes,17,3,3,80,0,24,2,2,19.0,7,3,8
977,13402,18235,4,Y,Yes,12,3,1,80,1,33,0,3,19.0,16,15,9
978,2029,15891,1,Y,No,20,4,3,80,3,5,2,3,5.0,4,0,0
979,6377,13888,5,Y,No,20,4,2,80,3,15,0,3,12.0,11,11,8
980,5429,17491,4,Y,No,13,3,1,80,2,10,1,3,8.0,7,7,7
981,2785,11882,7,Y,No,14,3,3,80,0,3,3,4,1.0,0,0,0
982,4614,23288,0,Y,Yes,18,3,3,80,1,5,0,2,4.0,2,3,2
983,2610,15748,1,Y,No,11,3,4,80,3,4,2,3,4.0,2,0,3
984,6687,6163,1,Y,No,11,3,4,80,0,14,2,4,14.0,11,4,11
985,4724,24232,1,Y,No,11,3,3,80,1,5,0,3,5.0,3,0,4
986,6179,21057,1,Y,Yes,15,3,4,80,2,10,3,2,10.0,2,6,7
987,6120,3567,3,Y,Yes,12,3,4,80,2,8,2,4,5.0,4,1,4
988,10596,15395,2,Y,No,11,3,2,80,0,14,5,3,4.0,2,3,2
989,5467,13953,3,Y,Yes,14,3,1,80,2,12,4,2,6.0,2,3,3
990,2996,5182,7,Y,Yes,15,3,4,80,0,8,2,3,,4,1,3
991,9998,19293,6,Y,No,13,3,1,80,0,8,2,4,5.0,4,1,2
992,4078,20497,0,Y,Yes,13,3,1,80,3,4,3,2,3.0,2,1,2
993,10920,3449,3,Y,No,21,4,2,80,1,13,2,3,6.0,4,0,5
994,6232,12477,2,Y,No,11,3,2,80,0,6,3,2,3.0,2,1,2
995,13247,9731,2,Y,Yes,11,3,2,80,1,24,3,2,5.0,3,0,2
996,4081,20003,1,Y,Yes,14,3,1,80,0,20,3,1,,7,1,8
997,5769,7100,1,Y,Yes,11,3,4,80,0,6,3,3,6.0,2,4,4
998,2394,25681,1,Y,Yes,13,3,4,80,0,8,2,3,8.0,2,7,7
999,3904,4050,0,Y,No,12,3,4,80,0,5,2,3,4.0,3,1,1
1000,16799,16616,0,Y,No,14,3,3,80,1,21,5,3,20.0,7,0,9
